url,Name,
http://www.fallingrain.com/world/DA/a/Y/,,city
http://www.fallingrain.com/world/DA/a/W/,,city
http://www.fallingrain.com/world/DA/airports.html,,Small
http://www.fallingrain.com/world/DA/a/V/,,
http://www.fallingrain.com/world/DA/a/U/,,city
http://www.fallingrain.com/world/DA/a/T/,,
http://www.fallingrain.com/world/DA/a/S/,,
http://www.fallingrain.com/world/DA/a/R/,,
http://www.fallingrain.com/world/DA/a/Q/,,city
http://www.fallingrain.com/world/DA/a/P/,,city
http://www.fallingrain.com/world/DA/18/Yttrup.html,,7.0 nm
http://www.fallingrain.com/world/DA/21/Vejlby.html,,5.1 nm
http://www.fallingrain.com/world/DA/17/Uvelse.html,,4.7 nm
http://www.fallingrain.com/world/DA/21/Kvaers.html,,5.6 nm
http://www.fallingrain.com/world/DA/19/Puthede.html,,6.4 nm
http://www.fallingrain.com/world/DA/19/Purkaer.html,,7.0 nm
http://www.fallingrain.com/world/DA/18/Vium.html,,6.9 nm
http://www.fallingrain.com/world/DA/21/Sonderbygard.html,,4.0 nm
http://www.fallingrain.com/world/DA/a/V/248/,,city
http://www.fallingrain.com/world/DA/21/Dunkaer_Mark.html,,4.5 nm
http://www.fallingrain.com/world/DA/a/T/248/,,city
http://www.fallingrain.com/world/DA/a/S/252/,,city
http://www.fallingrain.com/world/DA/a/R/248/,,city
http://www.fallingrain.com/world/DA/19/Store_Ejstrup.html,,4.1 nm
http://www.fallingrain.com/world/DA/19/Moseby.html,,6.3 nm
http://www.fallingrain.com/world/DA/18/Hindborg.html,,5.7 nm
http://www.fallingrain.com/world/DA/21/Henneberg_Ladegard.html,,2.8 nm
http://www.fallingrain.com/world/DA/21/Vojstrup.html,,3.5 nm
http://www.fallingrain.com/world/DA/21/Strandhuse3.html,,4.1 nm
http://www.fallingrain.com/world/DA/19/Toving.html,,7.2 nm
http://www.fallingrain.com/world/DA/21/Sonder_Vilstrup2.html,,9.5 nm
http://www.fallingrain.com/world/DA/18/Roved_Nedergard.html,,4.9 nm
http://www.fallingrain.com/world/DA/21/Holleskov.html,,7.3 nm
http://www.fallingrain.com/world/DA/19/Hjorring.html,,2.3 nm
http://www.fallingrain.com/world/DA/19/Arentsminde.html,,7.6 nm
http://www.fallingrain.com/world/DA/18/Brondum.html,,4.7 nm
http://www.fallingrain.com/world/DA/21/Skaerbaek.html,,2.8 nm
http://www.fallingrain.com/world/DA/21/Tappernoje.html,,5.0 nm
http://www.fallingrain.com/world/DA/21/Tvaerby.html,,6.4 nm
http://www.fallingrain.com/world/DA/19/Elso.html,,2.8 nm
http://www.fallingrain.com/world/DA/21/Sonderballe.html,,7.3 nm
http://www.fallingrain.com/world/DA/18/Todbjerg.html,,3.4 nm
http://www.fallingrain.com/world/DA/21/Kalvslund.html,,4.7 nm
http://www.fallingrain.com/world/DA/19/Oster_Bronderup.html,,2.1 nm
http://www.fallingrain.com/world/DA/19/Hammershoj.html,,6.3 nm
http://www.fallingrain.com/world/DA/18/Kisum.html,,8.0 nm
http://www.fallingrain.com/world/DA/21/Sonder_Stenderup.html,,3.2 nm
http://www.fallingrain.com/world/DA/21/Lillemark.html,,6.6 nm
http://www.fallingrain.com/world/DA/21/Haven.html,,8.7 nm
http://www.fallingrain.com/world/DA/19/Kirstinedal.html,,3.6 nm
http://www.fallingrain.com/world/DA/21/Lojtkloster.html,,5.4 nm
http://www.fallingrain.com/world/DA/18/LisbjergTerp.html,,1.3 nm
http://www.fallingrain.com/world/DA/21/Seem.html,,6.3 nm
http://www.fallingrain.com/world/DA/19/Abenterp.html,,5.4 nm
http://www.fallingrain.com/world/DA/19/Hornskovgard.html,,8.4 nm
http://www.fallingrain.com/world/DA/18/Mogenstrup3.html,,6.8 nm
http://www.fallingrain.com/world/DA/21/Dalagergard.html,,4.3 nm
http://www.fallingrain.com/world/DA/21/Bjorno_By.html,,6.4 nm
http://www.fallingrain.com/world/DA/21/Korshavn.html,,4.8 nm
http://www.fallingrain.com/world/DA/19/Storup.html,,4.3 nm
http://www.fallingrain.com/world/DA/21/Marielund.html,,8.3 nm
http://www.fallingrain.com/world/DA/18/Brendstrup.html,,1.9 nm
http://www.fallingrain.com/world/DA/21/Oster_Abolling.html,,6.1 nm
http://www.fallingrain.com/world/DA/19/Arup.html,,5.6 nm
http://www.fallingrain.com/world/DA/19/Louisendal.html,,6.8 nm
http://www.fallingrain.com/world/DA/18/Mundbjerg.html,,9.7 nm
http://www.fallingrain.com/world/DA/21/Sjolund.html,,5.8 nm
http://www.fallingrain.com/world/DA/21/Nabbe.html,,5.6 nm
http://www.fallingrain.com/world/DA/21/Strandhuse.html,,4.9 nm
http://www.fallingrain.com/world/DA/18/Nymolle.html,,6.5 nm
http://www.fallingrain.com/world/DA/21/Dyrbaek.html,,8.2 nm
http://www.fallingrain.com/world/DA/18/Gjellerup.html,,1.8 nm
http://www.fallingrain.com/world/DA/21/Sonderhede.html,,8.5 nm
http://www.fallingrain.com/world/DA/19/Hjelmsted.html,,5.5 nm
http://www.fallingrain.com/world/DA/19/Lynnerup_Garde.html,,7.2 nm
http://www.fallingrain.com/world/DA/18/Hogager.html,,5.7 nm
http://www.fallingrain.com/world/DA/21/Torning.html,,4.8 nm
http://www.fallingrain.com/world/DA/21/Korinth.html,,7.8 nm
http://www.fallingrain.com/world/DA/21/Stagerup.html,,5.5 nm
http://www.fallingrain.com/world/DA/18/Norre_Lem.html,,9.2 nm
http://www.fallingrain.com/world/DA/21/Rufas.html,,5.2 nm
http://www.fallingrain.com/world/DA/18/Borup6.html,,2.5 nm
http://www.fallingrain.com/world/DA/21/Oster_Gasse.html,,7.7 nm
http://www.fallingrain.com/world/DA/19/Linderupgard.html,,5.1 nm
http://www.fallingrain.com/world/DA/19/Lille_Binderup.html,,5.3 nm
http://www.fallingrain.com/world/DA/18/Hallundbaek2.html,,10.6 nm
http://www.fallingrain.com/world/DA/21/Favrvra.html,,5.8 nm
http://www.fallingrain.com/world/DA/21/Lydinge_Garde.html,,4.4 nm
http://www.fallingrain.com/world/DA/21/Egense2.html,,2.9 nm
http://www.fallingrain.com/world/DA/18/Ejsing.html,,6.1 nm
http://www.fallingrain.com/world/DA/21/Toft2.html,,3.4 nm
http://www.fallingrain.com/world/DA/18/Tiset.html,,2.8 nm
http://www.fallingrain.com/world/DA/19/Sonderhede3.html,,4.8 nm
http://www.fallingrain.com/world/DA/19/Durup.html,,6.4 nm
http://www.fallingrain.com/world/DA/18/Aby2.html,,8.0 nm
http://www.fallingrain.com/world/DA/21/Sofiesminde.html,,5.6 nm
http://www.fallingrain.com/world/DA/21/Sofaelde.html,,4.9 nm
http://www.fallingrain.com/world/DA/21/Vejlegard.html,,2.8 nm
http://www.fallingrain.com/world/DA/18/Svenstrup2.html,,10.4 nm
http://www.fallingrain.com/world/DA/21/Sandager3.html,,5.1 nm
http://www.fallingrain.com/world/DA/18/Lojenkaer.html,,3.2 nm
http://www.fallingrain.com/world/DA/19/Sindholt.html,,5.5 nm
http://www.fallingrain.com/world/DA/19/Stenild.html,,4.8 nm
http://www.fallingrain.com/world/DA/18/Novling.html,,5.4 nm
http://www.fallingrain.com/world/DA/21/Haderslev.html,,5.9 nm
http://www.fallingrain.com/world/DA/21/Sundsgard.html,,3.7 nm
http://www.fallingrain.com/world/DA/21/Hjorto_By.html,,5.3 nm
http://www.fallingrain.com/world/DA/18/Ryde.html,,6.4 nm
http://www.fallingrain.com/world/DA/18/Sander.html,,4.7 nm
http://www.fallingrain.com/world/DA/19/Mogelmose.html,,4.6 nm
http://www.fallingrain.com/world/DA/19/Ols.html,,6.0 nm
http://www.fallingrain.com/world/DA/18/Havnstrup.html,,4.8 nm
http://www.fallingrain.com/world/DA/21/Neder_Astrup.html,,6.2 nm
http://www.fallingrain.com/world/DA/21/Rugbjerg2.html,,4.0 nm
http://www.fallingrain.com/world/DA/21/Drejo.html,,6.0 nm
http://www.fallingrain.com/world/DA/18/Risum.html,,7.1 nm
http://www.fallingrain.com/world/DA/18/Morsholt.html,,6.2 nm
http://www.fallingrain.com/world/DA/19/Engholm.html,,2.9 nm
http://www.fallingrain.com/world/DA/18/Lindum2.html,,5.8 nm
http://www.fallingrain.com/world/DA/18/Bjerregarde3.html,,4.6 nm
http://www.fallingrain.com/world/DA/21/Lont.html,,7.4 nm
http://www.fallingrain.com/world/DA/21/Hoje.html,,5.3 nm
http://www.fallingrain.com/world/DA/21/Lunde3.html,,5.3 nm
http://www.fallingrain.com/world/DA/18/Tvis.html,,4.5 nm
http://www.fallingrain.com/world/DA/18/Alstrup2.html,,8.0 nm
http://www.fallingrain.com/world/DA/19/Oster_Sundby.html,,1.6 nm
http://www.fallingrain.com/world/DA/18/Mollerup2.html,,6.5 nm
http://www.fallingrain.com/world/DA/18/Hvedde.html,,5.9 nm
http://www.fallingrain.com/world/DA/21/Kelstrup_Strand.html,,6.7 nm
http://www.fallingrain.com/world/DA/21/Slaebaek.html,,3.9 nm
http://www.fallingrain.com/world/DA/21/Rarud.html,,3.8 nm
http://www.fallingrain.com/world/DA/18/Lundby.html,,6.7 nm
http://www.fallingrain.com/world/DA/18/Lerdrup.html,,9.1 nm
http://www.fallingrain.com/world/DA/19/Gug.html,,2.2 nm
http://www.fallingrain.com/world/DA/18/Norre_Tulstrup.html,,5.5 nm
http://www.fallingrain.com/world/DA/18/Ronnum.html,,10.0 nm
http://www.fallingrain.com/world/DA/21/Halk.html,,6.3 nm
http://www.fallingrain.com/world/DA/21/Braendeskov.html,,3.3 nm
http://www.fallingrain.com/world/DA/21/Svendborg.html,,2.1 nm
http://www.fallingrain.com/world/DA/18/Helleskov.html,,9.2 nm
http://www.fallingrain.com/world/DA/18/Soby4.html,,9.6 nm
http://www.fallingrain.com/world/DA/19/Novling.html,,2.7 nm
http://www.fallingrain.com/world/DA/18/Sonderbro.html,,4.6 nm
http://www.fallingrain.com/world/DA/21/Engebaek.html,,6.8 nm
http://www.fallingrain.com/world/DA/21/Medsted.html,,5.8 nm
http://www.fallingrain.com/world/DA/21/Gammel_Nyby.html,,2.0 nm
http://www.fallingrain.com/world/DA/21/Skyttegard.html,,3.5 nm
http://www.fallingrain.com/world/DA/18/Najbjerg.html,,11.2 nm
http://www.fallingrain.com/world/DA/18/Hov.html,,9.3 nm
http://www.fallingrain.com/world/DA/19/Notten.html,,4.0 nm
http://www.fallingrain.com/world/DA/18/Borre.html,,3.3 nm
http://www.fallingrain.com/world/DA/21/Sonder_Omme.html,,9.1 nm
http://www.fallingrain.com/world/DA/21/Arosund.html,,6.2 nm
http://www.fallingrain.com/world/DA/00/Omvra.html,,7.1 nm
http://www.fallingrain.com/world/DA/21/Juliegard.html,,5.1 nm
http://www.fallingrain.com/world/DA/18/Barde.html,,10.4 nm
http://www.fallingrain.com/world/DA/18/Saksild.html,,5.7 nm
http://www.fallingrain.com/world/DA/19/Gerding.html,,6.3 nm
http://www.fallingrain.com/world/DA/18/Horn.html,,3.5 nm
http://www.fallingrain.com/world/DA/21/Bakkehuset.html,,6.5 nm
http://www.fallingrain.com/world/DA/21/Aro.html,,5.3 nm
http://www.fallingrain.com/world/DA/21/Sonder_Langelund.html,,5.4 nm
http://www.fallingrain.com/world/DA/21/Brohave.html,,5.7 nm
http://www.fallingrain.com/world/DA/18/Sonderup2.html,,7.9 nm
http://www.fallingrain.com/world/DA/18/Starup.html,,2.5 nm
http://www.fallingrain.com/world/DA/19/Torup5.html,,4.7 nm
http://www.fallingrain.com/world/DA/18/Voel.html,,5.4 nm
http://www.fallingrain.com/world/DA/21/Hejnsvig.html,,5.0 nm
http://www.fallingrain.com/world/DA/21/Osterklint.html,,7.3 nm
http://www.fallingrain.com/world/DA/21/Grene.html,,5.2 nm
http://www.fallingrain.com/world/DA/21/Gudme.html,,6.5 nm
http://www.fallingrain.com/world/DA/18/Dalager.html,,5.0 nm
http://www.fallingrain.com/world/DA/18/Norsminde.html,,3.8 nm
http://www.fallingrain.com/world/DA/19/Tisted.html,,4.5 nm
http://www.fallingrain.com/world/DA/18/Mollerup3.html,,3.4 nm
http://www.fallingrain.com/world/DA/21/Hollund_Sogard.html,,7.9 nm
http://www.fallingrain.com/world/DA/21/Toro_Huse.html,,5.0 nm
http://www.fallingrain.com/world/DA/21/Frederiksnade.html,,6.1 nm
http://www.fallingrain.com/world/DA/21/Braendemose.html,,4.3 nm
http://www.fallingrain.com/world/DA/18/Stovstrup.html,,3.7 nm
http://www.fallingrain.com/world/DA/18/Fulden.html,,3.0 nm
http://www.fallingrain.com/world/DA/19/Vra2.html,,4.1 nm
http://www.fallingrain.com/world/DA/18/Bakbjerg.html,,3.8 nm
http://www.fallingrain.com/world/DA/21/Vittrup.html,,6.1 nm
http://www.fallingrain.com/world/DA/21/Ebberup.html,,4.7 nm
http://www.fallingrain.com/world/DA/21/Altona.html,,5.4 nm
http://www.fallingrain.com/world/DA/21/Strandgard.html,,7.6 nm
http://www.fallingrain.com/world/DA/18/Skodsbol.html,,5.8 nm
http://www.fallingrain.com/world/DA/18/Holme2.html,,1.4 nm
http://www.fallingrain.com/world/DA/19/Hou2.html,,5.0 nm
http://www.fallingrain.com/world/DA/18/Sonder_Vissing.html,,3.9 nm
http://www.fallingrain.com/world/DA/21/Ladelund.html,,7.1 nm
http://www.fallingrain.com/world/DA/21/Enemaerket.html,,5.3 nm
http://www.fallingrain.com/world/DA/21/Gesten.html,,6.7 nm
http://www.fallingrain.com/world/DA/21/Kongshoj.html,,5.3 nm
http://www.fallingrain.com/world/DA/21/Nortarp.html,,4.7 nm
http://www.fallingrain.com/world/DA/18/Marslet.html,,2.9 nm
http://www.fallingrain.com/world/DA/18/Kaerby2.html,,5.8 nm
http://www.fallingrain.com/world/DA/18/Astrup8.html,,6.1 nm
http://www.fallingrain.com/world/DA/21/Skibelund.html,,7.6 nm
http://www.fallingrain.com/world/DA/21/Helnaes_By.html,,7.8 nm
http://www.fallingrain.com/world/DA/21/Lille_Andst.html,,7.0 nm
http://www.fallingrain.com/world/DA/21/Holmen.html,,3.0 nm
http://www.fallingrain.com/world/DA/21/Bjerremose.html,,9.9 nm
http://www.fallingrain.com/world/DA/18/Tander.html,,3.0 nm
http://www.fallingrain.com/world/DA/18/Jennum.html,,4.4 nm
http://www.fallingrain.com/world/DA/18/Honum.html,,8.5 nm
http://www.fallingrain.com/world/DA/21/Hjerting2.html,,6.2 nm
http://www.fallingrain.com/world/DA/21/Sonderhjorne.html,,8.8 nm
http://www.fallingrain.com/world/DA/21/Over_Jels.html,,8.4 nm
http://www.fallingrain.com/world/DA/21/Nordenhuse.html,,5.5 nm
http://www.fallingrain.com/world/DA/21/Mejls.html,,9.1 nm
http://www.fallingrain.com/world/DA/18/Skandia.html,,1.8 nm
http://www.fallingrain.com/world/DA/18/Bogballe.html,,7.0 nm
http://www.fallingrain.com/world/DA/21/Sonder_Hygum.html,,8.0 nm
http://www.fallingrain.com/world/DA/21/Sarup.html,,6.6 nm
http://www.fallingrain.com/world/DA/21/Lert.html,,8.8 nm
http://www.fallingrain.com/world/DA/21/Alokke.html,,2.9 nm
http://www.fallingrain.com/world/DA/21/Varde.html,,7.9 nm
http://www.fallingrain.com/world/DA/18/Vilstrup.html,,2.8 nm
http://www.fallingrain.com/world/DA/18/Soleskov.html,,4.0 nm
http://www.fallingrain.com/world/DA/21/Hornsgard.html,,7.1 nm
http://www.fallingrain.com/world/DA/21/Strandby2.html,,6.5 nm
http://www.fallingrain.com/world/DA/21/Lundsbaek.html,,9.0 nm
http://www.fallingrain.com/world/DA/21/Sulkendrup.html,,4.0 nm
http://www.fallingrain.com/world/DA/21/Astrup.html,,5.2 nm
http://www.fallingrain.com/world/DA/18/Trustrup2.html,,3.2 nm
http://www.fallingrain.com/world/DA/21/Bredballestrand.html,,2.6 nm
http://www.fallingrain.com/world/DA/21/Gelstoft.html,,8.7 nm
http://www.fallingrain.com/world/DA/21/Kastrup.html,,6.7 nm
http://www.fallingrain.com/world/DA/21/Billund2.html,,8.7 nm
http://www.fallingrain.com/world/DA/21/Orbaek2.html,,5.2 nm
http://www.fallingrain.com/world/DA/21/Andrup.html,,3.5 nm
http://www.fallingrain.com/world/DA/18/Erslev.html,,5.3 nm
http://www.fallingrain.com/world/DA/21/Sellerup.html,,4.4 nm
http://www.fallingrain.com/world/DA/21/Rurup.html,,5.1 nm
http://www.fallingrain.com/world/DA/21/Gabol.html,,6.2 nm
http://www.fallingrain.com/world/DA/21/Over_Jerstal.html,,7.9 nm
http://www.fallingrain.com/world/DA/21/Hestehavegard.html,,5.2 nm
http://www.fallingrain.com/world/DA/21/Tjaereborg.html,,3.7 nm
http://www.fallingrain.com/world/DA/18/Over_Hadsten.html,,2.3 nm
http://www.fallingrain.com/world/DA/21/Lille_Velling.html,,5.7 nm
http://www.fallingrain.com/world/DA/21/Bjerndrup3.html,,10.7 nm
http://www.fallingrain.com/world/DA/21/Hyrup2.html,,7.6 nm
http://www.fallingrain.com/world/DA/21/Hovslund_Stationsby.html,,6.4 nm
http://www.fallingrain.com/world/DA/21/Rastrup.html,,4.2 nm
http://www.fallingrain.com/world/DA/21/Sonderby.html,,3.7 nm
http://www.fallingrain.com/world/DA/18/Hinnerup2.html,,3.9 nm
http://www.fallingrain.com/world/DA/21/Bolskov.html,,5.5 nm
http://www.fallingrain.com/world/DA/21/Alslev2.html,,9.4 nm
http://www.fallingrain.com/world/DA/21/Langelund.html,,9.0 nm
http://www.fallingrain.com/world/DA/21/Brunde.html,,4.3 nm
http://www.fallingrain.com/world/DA/21/Fjellerup2.html,,4.4 nm
http://www.fallingrain.com/world/DA/21/Sneum.html,,4.8 nm
http://www.fallingrain.com/world/DA/18/Sabro.html,,2.8 nm
http://www.fallingrain.com/world/DA/21/Norre_Stenderup.html,,4.0 nm
http://www.fallingrain.com/world/DA/21/Bogvad2.html,,4.8 nm
http://www.fallingrain.com/world/DA/21/Foverup.html,,7.7 nm
http://www.fallingrain.com/world/DA/21/Aabenraa.html,,4.8 nm
http://www.fallingrain.com/world/DA/21/Havndrup.html,,3.2 nm
http://www.fallingrain.com/world/DA/21/Brandgarde.html,,6.1 nm
http://www.fallingrain.com/world/DA/18/Labing.html,,2.5 nm
http://www.fallingrain.com/world/DA/21/Nyby_Strandhuse.html,,2.8 nm
http://www.fallingrain.com/world/DA/21/Kvaernholt.html,,5.6 nm
http://www.fallingrain.com/world/DA/21/Smedager.html,,5.4 nm
